{
	"class_name" : "PinholeCameraParameters",
	"extrinsic" : 
	[
		-0.1212539904256178,
		-0.3151875667102943,
		0.94125143696947855,
		0.0,
		0.02174986189019688,
		-0.94886404498001931,
		-0.31493486255401004,
		0.0,
		0.99238319882675452,
		-0.017715020050781679,
		0.12190883787067637,
		0.0,
		0.99289852796416878,
		9.9795542302670395,
		4.443649560332438,
		1.0
	],
	"intrinsic" : 
	{
		"height" : 1061,
		"intrinsic_matrix" : 
		[
			918.85295341528945,
			0.0,
			0.0,
			0.0,
			918.85295341528945,
			0.0,
			959.5,
			530.0,
			1.0
		],
		"width" : 1920
	},
	"version_major" : 1,
	"version_minor" : 0
}