{
	"class_name" : "PinholeCameraParameters",
	"extrinsic" : 
	[
		-0.15599909121765804,
		-0.88529193396706385,
		0.43808957439332064,
		0.0,
		-0.042960419323423926,
		-0.43701878560897595,
		-0.89842583633620632,
		0.0,
		0.98682251996537884,
		-0.15897412581206991,
		0.030142020693174794,
		0.0,
		1.6717821606481527,
		4.6119368097169628,
		43.211970711442426,
		1.0
	],
	"intrinsic" : 
	{
		"height" : 1061,
		"intrinsic_matrix" : 
		[
			918.85295341528945,
			0.0,
			0.0,
			0.0,
			918.85295341528945,
			0.0,
			959.5,
			530.0,
			1.0
		],
		"width" : 1920
	},
	"version_major" : 1,
	"version_minor" : 0
}